"","Site","SubSite"
"1","Blackrock-C","ML"
"2","Blackrock-C","MW"
"3","Blackrock-C","OX"
"4","Blackrock-C","QU"
"5","Blackrock-C","SP"
"6","Blackrock-H","HE"
"7","DilmanMeadows","1"
"8","DilmanMeadows","2"
"9","DilmanMeadows","3"
"10","EmmaCarlin","1"
"11","EmmaCarlin","2"
"12","EmmaCarlin","3"
"13","FoxCreek","P-850A"
"14","FoxCreek","P-850B/C"
"15","FoxCreek","P-850D"
"16","JonesPond","1"
"17","LilyPond","1"
"18","LostHorse","1"
"19","MatthewsPond","1"
"20","MudLake","1"
"21","MudLake","2"
"22","MudLake","3"
"23","SanFrancisquito","1"
"24","ScotiaBarrens","A04"
"25","ScotiaBarrens","A05"
"26","ScotiaBarrens","A10"
"27","ScotiaBarrens","A11"
"28","ScotiaBarrens","B2"
"29","ScotiaBarrens","P1"
"30","ScotiaBarrens","P2"
"31","ScotiaBarrens","P3"
"32","ScotiaBarrens","SC36"
"33","ScotiaBarrens","SC37"
"34","ScotiaBarrens","SC38"
"35","ScotiaBarrens","SC47"
"36","ScotiaBarrens","SC48"
"37","SMNWR_E","SMNWR0145"
"38","SMNWR_E","SMNWR1601"
"39","SMNWR_W","SMNWR0124"
"40","SMNWR_W","SMNWR3001"
"41","SonomaMountain","P-899"
"42","SPR","1"
"43","SPR","2"
"44","SPR","3"
"45","SummitMeadow","Y-029"
"46","SummitMeadow","Y-1526"
"47","SummitMeadow","Y-1526A"
"48","SummitMeadow","Y-1687"
"49","ThreeCreeks","1"
"50","ThreeCreeks","2"
"51","ThreeCreeks","3"
"52","ThreeCreeks","4"
"53","TwoMedicine","1"
"54","TwoMedicine","2"
"55","TwoMedicine","3"
"56","TwoMedicine","5"
